Unnamed: 0,etag,id,channelId,videoId,topLevelComment_etag,topLevelComment_id,textOriginal,authorDisplayName,authorProfileImageUrl,authorChannelUrl,authorChannelId,likeCount,publishedAt,updatedAt,totalReplyCount,lang,textOriginalEnglish,langNew,textCleaned,textTranslated
0,kcxAtzIk1aVtPuNlqSLbRUKbfxk,UgxHddIqyh0yjsul8Td4AaABAg,UCvnz1C-qT-bELjy-a3GJoXQ,Uxzg6P-6Qjs,TTaUWEKk7VJ5CbT-CDv4lLF18fI,UgxHddIqyh0yjsul8Td4AaABAg,Talented log mar gye or useless ladka bach gya :crying_face:,@GopalConnect,https://yt3.ggpht.com/GrCMzOj7Kk52CleX5Gnw-4GBo5OCF3PV_HSAIYKH30LDUce14BZANY2WkMwuGViW7XFadQZI=s48-c-k-c0x00ffffff-no-rj,http://www.youtube.com/@GopalConnect,UCHzm55kaUMifgOf5bSjiohA,0,2024-05-23 05:08:53+00:00,2024-05-23T05:08:53Z,0,en,Talented log mar gye or useless ladka bach gya :crying_face:,en,Talented log mar gye or useless ladka bach gya :crying_face:,"Talented log mar gye or useless ladka bach gya :crying_face:

Translated text: Talented boy or useless boy didn't know :crying_face:"
1,0Io30QI_wl3G9TiMRehHI67_py8,UgyXc3KpEOAUlkmt2_t4AaABAg,UCgKgAaGbKS-XWUJGWqP5W0A,90HPIE7xbkk,rxOzyf4i1G-kbkhlkRnDlLVdJQI,UgyXc3KpEOAUlkmt2_t4AaABAg,what are the updates in pune porsche case? did anything happen to that kid or is the matter still ongoing? tareekh pe tareekh and ye muddaa bhi dab jayega aur log bhool jayenge,@bababillenial7861,https://yt3.ggpht.com/ytc/AIdro_mEiWFqXVHUIVUirsMzq0I_DHItbT8y6vf4UQkWzXg=s48-c-k-c0x00ffffff-no-rj,http://www.youtube.com/@bababillenial7861,UCKg-I4C07Iu0zVJoA91FK9w,0,2024-06-25 03:40:33+00:00,2024-06-25T03:40:33Z,0,en,what are the updates in pune porsche case? did anything happen to that kid or is the matter still ongoing? tareekh pe tareekh and ye muddaa bhi dab jayega aur log bhool jayenge,en,what are the updates in pune porsche case? did anything happen to that kid or is the matter still ongoing? tareekh pe tareekh and ye muddaa bhi dab jayega aur log bhool jayenge,What are the updates in the Pune Porsche case? Did anything happen to that kid or is the matter still ongoing? Time and time again and it will still happen and people will still be unaware.
2,63WlAiuKV0xuDtdhCcWrV1wwYzg,Ugyw8L59M6ihi0eP5Xd4AaABAg,UC-CSyyi47VX1lD9zyeABW3w,2XvzIl2azGg,7a0d3eiAbSfXYcaCay_KqUY3Pdg,Ugyw8L59M6ihi0eP5Xd4AaABAg,:red_heart::red_heart::red_heart::red_heart:,@AkramMakraha,https://yt3.ggpht.com/ytc/AIdro_nLOZiVoOnOY9sRG6PEfbeJQZgNEc94Ld_-R0YhapW-QHpFlNNHtQIwpPu8VJKX5wVYKg=s48-c-k-c0x00ffffff-no-rj,http://www.youtube.com/@AkramMakraha,UCxI2IZ3dZ8TPsR3Tnkf2n3w,1,2025-01-13 11:41:12+00:00,2025-01-13T11:41:12Z,0,en,:red_heart::red_heart::red_heart::red_heart:,en,:red_heart::red_heart::red_heart::red_heart:,Love
3,_qrPdBPxW--2zn1gF32yQzfDPiM,UgyFc72W7wVSo1sfGSZ4AaABAg,UC-CSyyi47VX1lD9zyeABW3w,2XvzIl2azGg,_cZqdvLfar4mNmS60djLqt91-lg,UgyFc72W7wVSo1sfGSZ4AaABAg,Dhruv Rathi,@Rishabh-8,https://yt3.ggpht.com/d2naXpFZ5S-ThKTOhLI9YwaXZ9NyFLl7tJuSC7SpQj1z7hw_5F76oXcN9pgxvFCqEZ5lFJ_y=s48-c-k-c0x00ffffff-no-rj,http://www.youtube.com/@Rishabh-8,UCeZzoK5IA9miqtkFxRjBD7A,0,2025-01-13 11:41:12+00:00,2025-01-13T11:41:12Z,0,en,Dhruv Rathi,en,Dhruv Rathi,Dhruv Rathi
4,vdfqsMvgs2jKoeqZxK-sGg6L8mk,UgyUIJPkHnRR2hGbuTN4AaABAg,UC-CSyyi47VX1lD9zyeABW3w,2XvzIl2azGg,el9VrGJ4ovErSw5PY0C6PgdwbhQ,UgyUIJPkHnRR2hGbuTN4AaABAg,Love you:red_heart:sir,@HussainAhmed-o7l,https://yt3.ggpht.com/jh1thVmrKgXUv_8pPqCYPZQF_SWGk2EXCTxNreBi38Fu56731Zc7NlGiKhfcpQR6LLjkFANZ=s48-c-k-c0x00ffffff-no-rj,http://www.youtube.com/@HussainAhmed-o7l,UCHsCZ4DibrUHocNbQMcgjag,1,2025-01-13 11:41:12+00:00,2025-01-13T11:41:12Z,0,en,Love you:red_heart:sir,en,Love you:red_heart:sir,I love you
5,vjNhrJHbTPC3z_2tD_3EDM-J7pk,UgyM797LHVompSnbHa94AaABAg,UC-CSyyi47VX1lD9zyeABW3w,2XvzIl2azGg,gvD_mZOLTboXCrXU6sLU1Sgf4jg,UgyM797LHVompSnbHa94AaABAg,Respect Dhurv Rathee Bottom :red_heart::red_heart:,@miyabhai6383,https://yt3.ggpht.com/4uXFG5fm7ExHPbMxFHvuh8Np1TScfn0YUYIBdAPo4wHsZ3gsVCXwxo7W3DP9ZhSFqO7azgFn7A=s48-c-k-c0x00ffffff-no-rj,http://www.youtube.com/@miyabhai6383,UCODaDAKFYpkwOjZ_tFjDd0A,271,2025-01-13 11:41:12+00:00,2025-01-13T11:41:12Z,15,en,Respect Dhurv Rathee Bottom :red_heart::red_heart:,en,Respect Dhurv Rathee Bottom :red_heart::red_heart:,Respect Dhurv Rathee Bottom: heart: heart:
6,weabYGr2Z1gJGt1gFSNotyAkVsQ,UgzG7V1caUhzjglE8GN4AaABAg,UC-CSyyi47VX1lD9zyeABW3w,2XvzIl2azGg,SEDZKkb00c1LGr7gX1J-Kjvjby4,UgzG7V1caUhzjglE8GN4AaABAg,Education is important,@SwapnilTemgireOfficial,https://yt3.ggpht.com/8tEgLuap9gEZG9xo0mgRoydRmBPnXox3A6xwrayTyxE62byQjolr2lsZ8yFVn2HK233VllWnEgM=s48-c-k-c0x00ffffff-no-rj,http://www.youtube.com/@SwapnilTemgireOfficial,UCKuXJlZY7o9fSDVtUBFJEsA,2,2025-01-13 11:41:12+00:00,2025-01-13T11:41:12Z,0,en,Education is important,en,Education is important,Education is important
7,n3Slhy5apJjZdXmTOzTL_YWsEYY,UgzGA3Cdir5cluEY6ix4AaABAg,UC-CSyyi47VX1lD9zyeABW3w,2XvzIl2azGg,MeUQLZrhmY5xmzBV4Hq1uE6Zq1c,UgzGA3Cdir5cluEY6ix4AaABAg,:red_heart::red_heart:,@MohdSagar-j2o,https://yt3.ggpht.com/ytc/AIdro_m-wvAwKyNneCMdoErnw329VPrjfATdBmyawkiFTmB0Tmcb0mbPWFH98RzurWL1m0u29A=s48-c-k-c0x00ffffff-no-rj,http://www.youtube.com/@MohdSagar-j2o,UCgVzmr3KFbHk0SP3ayppBQg,1,2025-01-13 11:41:12+00:00,2025-01-13T11:41:12Z,0,en,:red_heart::red_heart:,en,:red_heart::red_heart:,Love
8,KQKZQPVNdQWTffT798VSPob4L6Q,Ugwy3aVUR5YdTm9WCUt4AaABAg,UC-CSyyi47VX1lD9zyeABW3w,2XvzIl2azGg,festLl736uSTretv1ukE58F-Cfw,Ugwy3aVUR5YdTm9WCUt4AaABAg,First comment really,@squidgame7168,https://yt3.ggpht.com/ytc/AIdro_l54yF6Qfk88iJhqcF59Y69jL1iCwsnKeDDKcgsPjovdXsdKF5xjsL5V9UGw6g2NBarNw=s48-c-k-c0x00ffffff-no-rj,http://www.youtube.com/@squidgame7168,UCGQzJX23Xt7rYUlu2jGYfzg,1,2025-01-13 11:41:12+00:00,2025-01-13T11:41:12Z,0,en,First comment really,en,First comment really,First comment really
9,ZRkXtcD0nu-zFH_M_Lne_wrI6cE,Ugw5a2vFAfX-wi4eWcB4AaABAg,UC-CSyyi47VX1lD9zyeABW3w,2XvzIl2azGg,KciAjWveOxzQpHpiBjEjMn3-83k,Ugw5a2vFAfX-wi4eWcB4AaABAg,First from Australia üá¶üá∫,@WelayatHussain,https://yt3.ggpht.com/ceF0N6d7I8bZPVxlsdqnHMJnDSEb523OjvnoCaaH36buhJgPRXqPr1zWP9k6SFzTqYNcwWkh8A=s48-c-k-c0x00ffffff-no-rj,http://www.youtube.com/@WelayatHussain,UCuuricuWFXiv8_5cjJfkQWA,1,2025-01-13 11:41:12+00:00,2025-01-13T11:41:12Z,0,en,First from Australia üá¶üá∫,en,First from Australia üá¶üá∫,First from Australia üá¶üá∫ means First from Australia.
10,Z9VPYUKJHAqmz7ihox4JZqhFoAE,UgwwOD3qgYt4AoxRZel4AaABAg,UC-CSyyi47VX1lD9zyeABW3w,2XvzIl2azGg,2Mjcl79CVxPizuTTmoYTA0fROkY,UgwwOD3qgYt4AoxRZel4AaABAg,:red_heart:,@anandkumar-jt6dw,https://yt3.ggpht.com/No8w1ZIGFt4b9QSmrNun0-fJ9CRQQJohyySdo08YZKmtYAMCb5F6HdnmsyEN1K-nMKNtzJlK0w=s48-c-k-c0x00ffffff-no-rj,http://www.youtube.com/@anandkumar-jt6dw,UCePMgFZbVkydFGA5yujpTrg,1,2025-01-13 11:41:12+00:00,2025-01-13T11:41:12Z,0,en,:red_heart:,en,:red_heart:,<red_heart> means love or affection.
11,IMzraw1aoYNm2fWMR1-e48zesAg,UgzHHpd8aLgeNJm9URh4AaABAg,UC-CSyyi47VX1lD9zyeABW3w,2XvzIl2azGg,P7yIMvJNzYz3jie-DrQfgVXutlU,UgzHHpd8aLgeNJm9URh4AaABAg,:red_heart::red_heart::red_heart:,@FarhanAbdullah-u1x,https://yt3.ggpht.com/ytc/AIdro_ls0vhWs4kqy-095ZwSEOKuRHtVtFFeSy6EKZThk5nR5Rjjb1uecFchqRpuGMVIzmHYcw=s48-c-k-c0x00ffffff-no-rj,http://www.youtube.com/@FarhanAbdullah-u1x,UCPhAV5f1-e_AOWO9fgDUlyQ,1,2025-01-13 11:41:12+00:00,2025-01-13T11:41:12Z,0,en,:red_heart::red_heart::red_heart:,en,:red_heart::red_heart::red_heart:,Love
12,hBU0Frgv7RMgFuNMb0FeHpyLvtg,UgwUFnH6tVyxzCi8y_Z4AaABAg,UC-CSyyi47VX1lD9zyeABW3w,2XvzIl2azGg,7SeWlMxL-1ahD3e9GBIrsMsTLzk,UgwUFnH6tVyxzCi8y_Z4AaABAg,First Comment,@mr_prince_070.,https://yt3.ggpht.com/j1FCZMmPi-UmyG4B4_ZtcPaWtvHqiQ0BUdDhBLFQUBleSItDrDeQ0xzzEcdFjd8Secz_puiGyA=s48-c-k-c0x00ffffff-no-rj,http://www.youtube.com/@mr_prince_070.,UCyYtlzFcoa5ws-zZIKo_7yg,1,2025-01-13 11:41:12+00:00,2025-01-13T11:41:12Z,0,en,First Comment,en,First Comment,Initial remark
13,YCyiQx7np7P5cQvSsGiIJBWw190,UgycXYW0xvP2VR5XGfN4AaABAg,UC-CSyyi47VX1lD9zyeABW3w,2XvzIl2azGg,zoJolvMy73xp0QQdGwwBtzSpD0I,UgycXYW0xvP2VR5XGfN4AaABAg,:red_heart::red_heart:,@shubhamshukla9513,https://yt3.ggpht.com/ytc/AIdro_lXe9mSRmKYWOp6dmB6cOvjXLpcCi1rssES1XaAJ6pdoQ=s48-c-k-c0x00ffffff-no-rj,http://www.youtube.com/@shubhamshukla9513,UC3UGGSZ1tqcV4rwGwm3DSww,1,2025-01-13 11:41:12+00:00,2025-01-13T11:41:12Z,0,en,:red_heart::red_heart:,en,:red_heart::red_heart:,Love
14,QYl_vrv0iYWFnSYWWDKJGOrejZI,UgwMzv1gipQlBquAAuJ4AaABAg,UC-CSyyi47VX1lD9zyeABW3w,2XvzIl2azGg,Ed3HbBlwPTmSTlj9yQ7-bIrQ1ns,UgwMzv1gipQlBquAAuJ4AaABAg,W,@abhay_choudhary.,https://yt3.ggpht.com/Lr0klULtx5A6KqCte9BuEv2laFForh3FuFjr6yoIq-CKV-F5O04LVhp6IzaPFJ3X1PhVm85K=s48-c-k-c0x00ffffff-no-rj,http://www.youtube.com/@abhay_choudhary.,UCQwYROk28PvmgODJNLMd8Kw,1,2025-01-13 11:41:12+00:00,2025-01-13T11:41:12Z,0,sw,W,sw,W,What
15,KqorHBcQHV-sy6p4hUWmEvqD5es,Ugw6g39EgziMACyO9zx4AaABAg,UC-CSyyi47VX1lD9zyeABW3w,2XvzIl2azGg,E12FNSmQWyg3TgYHozRVl8zQYgs,Ugw6g39EgziMACyO9zx4AaABAg,Bhai Bhai,@dilipbhadru9290,https://yt3.ggpht.com/zWkhRC3qb7rTOH82S_R-vgBMyXvmDGfeGqIx_hszIIKi-s-v_uT8Jsn5Gcl7ybxObspKAV-1Qw=s48-c-k-c0x00ffffff-no-rj,http://www.youtube.com/@dilipbhadru9290,UCAQJophnKuBwB26bzfUuVeA,1,2025-01-13 11:41:12+00:00,2025-01-13T11:41:12Z,0,cy,Bhai Bhai,cy,Bhai Bhai,Brother Brother
16,siUaf3l0bGeSOf1_Ud6DYI4nFDc,UgzXxQ2JjIFmcYbTFeZ4AaABAg,UC-CSyyi47VX1lD9zyeABW3w,2XvzIl2azGg,V8Cftq1Sf2pLDM4j_c5PklT0ZAc,UgzXxQ2JjIFmcYbTFeZ4AaABAg,"‡§∏‡§Ç‡§Ø‡•Å‡§ï‡•ç‡§§ ‡§∞‡§æ‡§∑‡•ç‡§ü‡•ç‡§∞ (UN) ‡§î‡§∞ ‡§á‡§∏‡§ï‡•Ä ‡§è‡§ú‡•á‡§Ç‡§∏‡§ø‡§Ø‡§æ‡§Å

1. UNICEF, 2. UNESCO, 3. WHO, 4. UNHCR, 5. FAO, 6. IAEA, 7. WFP, 8. UNDP, 9. UNEP, 10. ILO, 11. IMF, 12. World Bank



‡§Ö‡§Ç‡§§‡§∞‡§∞‡§æ‡§∑‡•ç‡§ü‡•ç‡§∞‡•Ä‡§Ø ‡§Ü‡§∞‡•ç‡§•‡§ø‡§ï ‡§∏‡§Ç‡§ó‡§†‡§®

13. IMF, 14. World Bank, 15. WTO, 16. ADB, 17. BRICS, 18. OECD



‡§ï‡•ç‡§∑‡•á‡§§‡•ç‡§∞‡•Ä‡§Ø ‡§∏‡§Ç‡§ó‡§†‡§®

19. SAARC, 20. ASEAN, 21. EU, 22. AU, 23. OPEC, 24. GCC, 25. NAFTA



‡§∏‡•Å‡§∞‡§ï‡•ç‡§∑‡§æ ‡§î‡§∞ ‡§∂‡§æ‡§Ç‡§§‡§ø ‡§∏‡§Ç‡§ó‡§†‡§®

26. NATO, 27. Interpol, 28. IAEA, 29. CTBT



‡§™‡§∞‡•ç‡§Ø‡§æ‡§µ‡§∞‡§£ ‡§î‡§∞ ‡§ú‡§≤‡§µ‡§æ‡§Ø‡•Å ‡§∏‡§Ç‡§ó‡§†‡§®

30. IPCC, 31. IUCN, 32. UNEP, 33. Greenpeace



‡§Æ‡§æ‡§®‡§µ‡§æ‡§ß‡§ø‡§ï‡§æ‡§∞ ‡§î‡§∞ ‡§∏‡§æ‡§Æ‡§æ‡§ú‡§ø‡§ï ‡§∏‡§Ç‡§ó‡§†‡§®

34. Amnesty International, 35. Human Rights Watch, 36. ICRC



‡§µ‡•à‡§∂‡•ç‡§µ‡§ø‡§ï ‡§∏‡•ç‡§µ‡§æ‡§∏‡•ç‡§•‡•ç‡§Ø ‡§∏‡§Ç‡§ó‡§†‡§®

37. WHO, 38. Global Fund, 39. GAVI



‡§µ‡•à‡§ú‡•ç‡§û‡§æ‡§®‡§ø‡§ï ‡§î‡§∞ ‡§Ö‡§Ç‡§§‡§∞‡§ø‡§ï‡•ç‡§∑ ‡§∏‡§Ç‡§ó‡§†‡§®

40. ISRO, 41. NASA, 42. ESA



‡§Ö‡§®‡•ç‡§Ø ‡§™‡•ç‡§∞‡§Æ‡•Å‡§ñ ‡§∏‡§Ç‡§ó‡§†‡§®

43. CERN, 44. World Economic Forum, 45. Commonwealth, 46. G20, 47. G7",@ImdadHusain-wi7kp,https://yt3.ggpht.com/ytc/AIdro_nbIRpRoYqRgJ2spNIQtwabq6ir18ziB_GIrg8eyjIddwsRWvvxJsp8Y8bqRYKGYd7v5A=s48-c-k-c0x00ffffff-no-rj,http://www.youtube.com/@ImdadHusain-wi7kp,UC8tCkFoWiwAbNbAXyjEdgew,0,2025-01-13 12:15:03+00:00,2025-01-13T12:15:03Z,0,hi,"‡§∏‡§Ç‡§Ø‡•Å‡§ï‡•ç‡§§ ‡§∞‡§æ‡§∑‡•ç‡§ü‡•ç‡§∞ (UN) ‡§î‡§∞ ‡§á‡§∏‡§ï‡•Ä ‡§è‡§ú‡•á‡§Ç‡§∏‡§ø‡§Ø‡§æ‡§Å

1. UNICEF, 2. UNESCO, 3. WHO, 4. UNHCR, 5. FAO, 6. IAEA, 7. WFP, 8. UNDP, 9. UNEP, 10. ILO, 11. IMF, 12. World Bank



‡§Ö‡§Ç‡§§‡§∞‡§∞‡§æ‡§∑‡•ç‡§ü‡•ç‡§∞‡•Ä‡§Ø ‡§Ü‡§∞‡•ç‡§•‡§ø‡§ï ‡§∏‡§Ç‡§ó‡§†‡§®

13. IMF, 14. World Bank, 15. WTO, 16. ADB, 17. BRICS, 18. OECD



‡§ï‡•ç‡§∑‡•á‡§§‡•ç‡§∞‡•Ä‡§Ø ‡§∏‡§Ç‡§ó‡§†‡§®

19. SAARC, 20. ASEAN, 21. EU, 22. AU, 23. OPEC, 24. GCC, 25. NAFTA



‡§∏‡•Å‡§∞‡§ï‡•ç‡§∑‡§æ ‡§î‡§∞ ‡§∂‡§æ‡§Ç‡§§‡§ø ‡§∏‡§Ç‡§ó‡§†‡§®

26. NATO, 27. Interpol, 28. IAEA, 29. CTBT



‡§™‡§∞‡•ç‡§Ø‡§æ‡§µ‡§∞‡§£ ‡§î‡§∞ ‡§ú‡§≤‡§µ‡§æ‡§Ø‡•Å ‡§∏‡§Ç‡§ó‡§†‡§®

30. IPCC, 31. IUCN, 32. UNEP, 33. Greenpeace



‡§Æ‡§æ‡§®‡§µ‡§æ‡§ß‡§ø‡§ï‡§æ‡§∞ ‡§î‡§∞ ‡§∏‡§æ‡§Æ‡§æ‡§ú‡§ø‡§ï ‡§∏‡§Ç‡§ó‡§†‡§®

34. Amnesty International, 35. Human Rights Watch, 36. ICRC



‡§µ‡•à‡§∂‡•ç‡§µ‡§ø‡§ï ‡§∏‡•ç‡§µ‡§æ‡§∏‡•ç‡§•‡•ç‡§Ø ‡§∏‡§Ç‡§ó‡§†‡§®

37. WHO, 38. Global Fund, 39. GAVI



‡§µ‡•à‡§ú‡•ç‡§û‡§æ‡§®‡§ø‡§ï ‡§î‡§∞ ‡§Ö‡§Ç‡§§‡§∞‡§ø‡§ï‡•ç‡§∑ ‡§∏‡§Ç‡§ó‡§†‡§®

40. ISRO, 41. NASA, 42. ESA



‡§Ö‡§®‡•ç‡§Ø ‡§™‡•ç‡§∞‡§Æ‡•Å‡§ñ ‡§∏‡§Ç‡§ó‡§†‡§®

43. CERN, 44. World Economic Forum, 45. Commonwealth, 46. G20, 47. G7",hi,"‡§∏‡§Ç‡§Ø‡•Å‡§ï‡•ç‡§§ ‡§∞‡§æ‡§∑‡•ç‡§ü‡•ç‡§∞ (UN) ‡§î‡§∞ ‡§á‡§∏‡§ï‡•Ä ‡§è‡§ú‡•á‡§Ç‡§∏‡§ø‡§Ø‡§æ‡§Å 1. UNICEF, 2. UNESCO, 3. WHO, 4. UNHCR, 5. FAO, 6. IAEA, 7. WFP, 8. UNDP, 9. UNEP, 10. ILO, 11. IMF, 12. World Bank ‡§Ö‡§Ç‡§§‡§∞‡§∞‡§æ‡§∑‡•ç‡§ü‡•ç‡§∞‡•Ä‡§Ø ‡§Ü‡§∞‡•ç‡§•‡§ø‡§ï ‡§∏‡§Ç‡§ó‡§†‡§® 13. IMF, 14. World Bank, 15. WTO, 16. ADB, 17. BRICS, 18. OECD ‡§ï‡•ç‡§∑‡•á‡§§‡•ç‡§∞‡•Ä‡§Ø ‡§∏‡§Ç‡§ó‡§†‡§® 19. SAARC, 20. ASEAN, 21. EU, 22. AU, 23. OPEC, 24. GCC, 25. NAFTA ‡§∏‡•Å‡§∞‡§ï‡•ç‡§∑‡§æ ‡§î‡§∞ ‡§∂‡§æ‡§Ç‡§§‡§ø ‡§∏‡§Ç‡§ó‡§†‡§® 26. NATO, 27. Interpol, 28. IAEA, 29. CTBT ‡§™‡§∞‡•ç‡§Ø‡§æ‡§µ‡§∞‡§£ ‡§î‡§∞ ‡§ú‡§≤‡§µ‡§æ‡§Ø‡•Å ‡§∏‡§Ç‡§ó‡§†‡§® 30. IPCC, 31. IUCN, 32. UNEP, 33. Greenpeace ‡§Æ‡§æ‡§®‡§µ‡§æ‡§ß‡§ø‡§ï‡§æ‡§∞ ‡§î‡§∞ ‡§∏‡§æ‡§Æ‡§æ‡§ú‡§ø‡§ï ‡§∏‡§Ç‡§ó‡§†‡§® 34. Amnesty International, 35. Human Rights Watch, 36. ICRC ‡§µ‡•à‡§∂‡•ç‡§µ‡§ø‡§ï ‡§∏‡•ç‡§µ‡§æ‡§∏‡•ç‡§•‡•ç‡§Ø ‡§∏‡§Ç‡§ó‡§†‡§® 37. WHO, 38. Global Fund, 39. GAVI ‡§µ‡•à‡§ú‡•ç‡§û‡§æ‡§®‡§ø‡§ï ‡§î‡§∞ ‡§Ö‡§Ç‡§§‡§∞‡§ø‡§ï‡•ç‡§∑ ‡§∏‡§Ç‡§ó‡§†‡§® 40. ISRO, 41. NASA, 42. ESA ‡§Ö‡§®‡•ç‡§Ø ‡§™‡•ç‡§∞‡§Æ‡•Å‡§ñ ‡§∏‡§Ç‡§ó‡§†‡§® 43. CERN, 44. World Economic Forum, 45. Commonwealth, 46. G20, 47. G7","United Nations (UN) and its agencies

1. UNICEF

2. UNESCO

3. WHO

4. UNHCR

5. FAO

6. IAEA

7. WFP

8. UNDP

9. UNEP

10. ILO

11. IMF

12. World Bank

13. IMF

14. World Bank

15. WTO

16. ADB

17. BRICS

18. OECD

19. SAARC

20. ASEAN

21. EU

22. AU

23. OPEC

24. GCC

25. NAFTA

26. NATO

27. Interpol

28. IAEA

29. CTBT

30. IPCC

31. IUCN

32. UNEP

33. Greenpeace

34. Amnesty International

35. Human Rights Watch

36. ICRC

37. WHO

38. Global Fund

39. GAVI

40. ISRO

41. NASA

42. ESA

43. CERN

44. World Economic Forum

45. Commonwealth

46. G20

47. G7


Note: There were no emojis in the provided text to demojize."
